Prasad:don:prasad@gmail.com
Hariprasad:don:hariprasad@gmail.com
John:puri:ad@ad.com
Bob:bob:bob@gmail.com
Bob:sad:bob@gmail.com
Ajay:ajay:aj@gmail.com
King:king:king@gmail.com
Rajesh:rajesh:rajesh@gmail.com
Ajith:ajith:ajith@gmail.com
